{
    "name": "Armor and Weapons",
    "icon": "minecraft:iron_chestplate",
    "category": "patchouli:2_category",
    "pages": [
        {
            "type": "text",
            "text": "In $(#f00)Battle of Evercraft$(), armor and weapons are essential, and thanks to mods, they are progressive.$(br2)The $(l)Vanilla$() armor/weapons are good for the early stages of the game but provide little protection unless upgraded. That's why there is $(t:Mod that adds unique effects for each trim applied to the armor.)BetterTrims$()($(l:https://github.com/Bawnorton/BetterTrims/blob/stonecutter/README.md)WIKI$())."
        },
        {
            "type": "spotlight",
            "title": "MC Dungeons",
            "item": {"item":"mcdw:soul_dagger_truthseeker"},
            "text": "Inspired by $(l)Minecraft Dungeons$(), they offer special effects and bonuses suited for various playstyles, which pair well with the appropriate weapons."
        },
        {
            "type": "spotlight",
            "title": "RPG",
            "item": {"item":"rogues:warrior_armor_chest"},
            "text": "The $(8)$(l)RPG$() armor and weapons are easy to obtain, ideal for the early stages due to the bonuses that improve class abilities."
        },
        {
            "type": "spotlight",
            "title": "Lost Paradise",
            "item": {"item":"paradise_lost:surtrum_sword"},
            "text": "With superior durability and offensive upgrades, the armor and weapons of $(6)$(l)Lost Paradise$() are perfect for tackling more challenging fights."
        },
        {
            "type": "spotlight",
            "title": "Aquamirae",
            "item": {"item":"aquamirae:three_bolt_helmet"},
            "text": "Perfect for underwater exploration, the armor and weapons of $(b)$(l)Aquamirae$() improve mobility in water and make ocean encounters less disadvantageous."
        },
        {
            "type": "spotlight",
            "title": "BetterNether",
            "item": {"item":"betternether:flaming_ruby_chestplate"},
            "text": "Forged to face the dangers of the Nether, the armor and weapons of $(4)$(l)Betternether$() provide advanced protection against fire, using it against infernal mobs."
        },
        {
            "type": "spotlight",
            "title": "BetterEnd",
            "item": {"item":"betterend:aeternium_sword"},
            "text": "Suited for the challenges of the End, the armor and weapons of $(3)$(l)Betterend$() offer high durability and specific advantages to survive in this hostile dimension."
        },
        {
            "type": "spotlight",
            "title": "Dragon Loot",
            "item": {"item":"dragonloot:dragon_helmet"},
            "text": "Made with dragon scales, the armor and weapons of $(5)$(l)Dragon Loot$() provide exceptional protection and increase offensive power to ideal levels for the end-game."
        },
        {
            "type": "spotlight",
            "title": "Deeper & Darker",
            "item": {"item":"deeperdarker:warden_chestplate"},
            "text": "Representing the highest level of power, the armor and weapons of $(1)$(l)Deeper & Darker$() are designed to face the darkest and deadliest creatures of the modpack, offering ultimate defense and offense."
        }
    ]
}
