{
    "name": "Skills",
    "icon": "minecraft:experience_bottle",
    "category": "patchouli:2_category",
    "pages": [
        {
            "type": "text",
            "text": "$(d)$(l)Skills$() are a fundamental part of gameplay in $(#f00)$(l)Battle of Evercraft$(), without them, dungeons and bosses are $(l)much$() more difficult.$(br2)In addition to providing very useful buffs, they are also a lot of fun and $(l)make it possible to merge different classes$()."
        },
        {
            "type": "text",
            "text": "$(br2)$(br)You will gain $(d)$(o)skill points$() passively by performing certain actions. Use your points in the $(o)$(d)skill tree$() to unlock various powers, $(l)pay attention to what you chose!$()$(br2)Here are some items that might be useful to you:"
        },
        {
            "type": "spotlight",
            "item": "simplyskills:malevolent_manuscript",
            "text": "$(br)This book $(l)refunds all your skills$(), allowing you to respecialize.$(br2)$(br2)$(br2)$(c)$(l)(You lose all the experience invested)$()"
        },
        {
            "type": "spotlight",
            "item": "simplyskills:skill_chronicle",
            "text": "$(br)This book allows you to $(l)save your build$() for use in the future.$(br2)$(br2)$(br2)$(c)$(l)(You will lose all unspent points)$()"
        }
    ]
}