{
  "disableMod": false,
  "pickBoat": true,
  "boatSpawning": "SIMULATION_AND_PLANES",
  "playerSpawning": "ONLY_SIMULATION",
  "otherPlayersSpawning": "ONLY_SIMULATION",
  "mobSpawning": "ONLY_SIMULATION",
  "itemSpawning": "ONLY_SIMULATION",
  "wavePropagationFactor": 0.95,
  "waveDecayFactor": 0.5,
  "initialStrength": 20,
  "paddleStrength": 100,
  "splashStrength": 100,
  "wakeResolution": "SIXTEEN",
  "wakeOpacity": 1.0,
  "blendStrength": 0.5,
  "firstPersonSplashPlane": false,
  "spawnParticles": true,
  "shaderLightPassthrough": 0.5,
  "splashPlaneWidth": 2.0,
  "splashPlaneHeight": 1.5,
  "splashPlaneDepth": 3.0,
  "splashPlaneOffset": 0.0,
  "splashPlaneGap": 1.0,
  "splashPlaneResolution": 5,
  "maxSplashPlaneVelocity": 0.5,
  "splashPlaneScale": 0.8,
  "wakeColorIntervals": [
    0.05,
    0.15,
    0.2,
    0.35,
    0.52,
    0.6,
    0.7,
    0.9
  ],
  "wakeColors": [
    "#00000000",
    "#289399a6",
    "#649ea5b0",
    "#b4c4cad1",
    "#00000000",
    "#b4c4cad1",
    "#ffffffff",
    "#b4c4cad1",
    "#649ea5b0"
  ],
  "debugColors": false,
  "drawDebugBoxes": false,
  "showDebugInfo": false,
  "floodFillDistance": 2,
  "floodFillTickDelay": 2,
  "renderType": "AUTO"
}